codon,kazusa_count,kazusa_fraction,kazusa_per_thousand,refseq_GCF_000002855.4_count,refseq_GCF_000002855.4_fraction,refseq_GCF_000002855.4_per_thousand,genbank_GCA_000230395.2_count,genbank_GCA_000230395.2_fraction,genbank_GCA_000230395.2_per_thousand,hivecuts_count,hivecuts_fraction,hivecuts_per_thousand
AAA,86447.00,0.01,14.10,86562.00,0.01,14.26,68714.00,0.01,13.57,86562.00,0.01,14.26
AAC,129023.00,0.02,21.05,125976.00,0.02,20.75,109098.00,0.02,21.55,125976.00,0.02,20.75
AAG,181722.00,0.03,29.64,179639.00,0.03,29.59,155701.00,0.03,30.75,179639.00,0.03,29.59
AAT,91080.00,0.01,14.86,90586.00,0.01,14.92,73169.00,0.01,14.45,90586.00,0.01,14.92
ACA,76029.00,0.01,12.40,75779.00,0.01,12.48,59796.00,0.01,11.81,75779.00,0.01,12.48
ACC,130788.00,0.02,21.33,127706.00,0.02,21.04,111016.00,0.02,21.93,127706.00,0.02,21.04
ACG,79289.00,0.01,12.93,78456.00,0.01,12.92,66843.00,0.01,13.20,78456.00,0.01,12.92
ACT,83396.00,0.01,13.60,82473.00,0.01,13.58,65599.00,0.01,12.96,82473.00,0.01,13.58
AGA,48671.00,0.01,7.94,48903.00,0.01,8.06,33691.00,0.01,6.65,48903.00,0.01,8.06
AGC,94652.00,0.02,15.44,93530.00,0.02,15.41,77725.00,0.02,15.35,93530.00,0.02,15.41
AGG,46656.00,0.01,7.61,46837.00,0.01,7.71,33583.00,0.01,6.63,46837.00,0.01,7.71
AGT,64937.00,0.01,10.59,64609.00,0.01,10.64,51381.00,0.01,10.15,64609.00,0.01,10.64
ATA,42354.00,0.01,6.91,42538.00,0.01,7.01,30584.00,0.01,6.04,42538.00,0.01,7.01
ATC,160337.00,0.03,26.15,157795.00,0.03,25.99,138441.00,0.03,27.34,157795.00,0.03,25.99
ATG,134646.00,0.02,21.96,133755.00,0.02,22.03,110935.00,0.02,21.91,133755.00,0.02,22.03
ATT,102080.00,0.02,16.65,101416.00,0.02,16.70,84837.00,0.02,16.76,101416.00,0.02,16.70
CAA,96611.00,0.02,15.76,96414.00,0.02,15.88,77178.00,0.02,15.24,96414.00,0.02,15.88
CAC,78227.00,0.01,12.76,77390.00,0.01,12.75,63693.00,0.01,12.58,77390.00,0.01,12.75
CAG,148296.00,0.02,24.19,146772.00,0.02,24.18,124558.00,0.02,24.60,146772.00,0.02,24.18
CAT,75191.00,0.01,12.27,75107.00,0.01,12.37,58673.00,0.01,11.59,75107.00,0.01,12.37
CCA,80260.00,0.01,13.09,80472.00,0.01,13.25,61156.00,0.01,12.08,80472.00,0.01,13.25
CCC,109010.00,0.02,17.78,107577.00,0.02,17.72,92042.00,0.02,18.18,107577.00,0.02,17.72
CCG,87312.00,0.01,14.24,86927.00,0.01,14.32,72797.00,0.01,14.38,86927.00,0.01,14.32
CCT,93422.00,0.02,15.24,93002.00,0.02,15.32,74894.00,0.01,14.79,93002.00,0.02,15.32
CGA,57162.00,0.01,9.32,57270.00,0.01,9.43,45566.00,0.01,9.00,57270.00,0.01,9.43
CGC,97559.00,0.02,15.91,96781.00,0.02,15.94,84516.00,0.02,16.69,96781.00,0.02,15.94
CGG,68379.00,0.01,11.15,68316.00,0.01,11.25,56885.00,0.01,11.24,68316.00,0.01,11.25
CGT,61861.00,0.01,10.09,61268.00,0.01,10.09,50842.00,0.01,10.04,61268.00,0.01,10.09
CTA,54445.00,0.01,8.88,54359.00,0.01,8.95,42369.00,0.01,8.37,54359.00,0.01,8.95
CTC,137051.00,0.02,22.36,135507.00,0.02,22.32,117879.00,0.02,23.28,135507.00,0.02,22.32
CTG,141009.00,0.02,23.00,139110.00,0.02,22.91,121105.00,0.02,23.92,139110.00,0.02,22.91
CTT,94490.00,0.02,15.41,94243.00,0.02,15.52,77549.00,0.02,15.32,94243.00,0.02,15.52
GAA,151769.00,0.02,24.76,151543.00,0.02,24.96,125402.00,0.02,24.77,151543.00,0.02,24.96
GAC,166885.00,0.03,27.22,164233.00,0.03,27.05,141319.00,0.03,27.91,164233.00,0.03,27.05
GAG,212844.00,0.03,34.72,210823.00,0.03,34.73,182389.00,0.04,36.02,210823.00,0.03,34.73
GAT,170550.00,0.03,27.82,169248.00,0.03,27.88,141602.00,0.03,27.97,169248.00,0.03,27.88
GCA,106738.00,0.02,17.41,106616.00,0.02,17.56,85884.00,0.02,16.96,106616.00,0.02,17.56
GCC,166685.00,0.03,27.19,163819.00,0.03,26.98,144098.00,0.03,28.46,163819.00,0.03,26.98
GCG,105173.00,0.02,17.16,104436.00,0.02,17.20,89670.00,0.02,17.71,104436.00,0.02,17.20
GCT,132918.00,0.02,21.68,131403.00,0.02,21.64,109128.00,0.02,21.55,131403.00,0.02,21.64
GGA,98975.00,0.02,16.14,97955.00,0.02,16.13,79095.00,0.02,15.62,97955.00,0.02,16.13
GGC,137915.00,0.02,22.50,135068.00,0.02,22.25,117651.00,0.02,23.24,135068.00,0.02,22.25
GGG,77463.00,0.01,12.64,77157.00,0.01,12.71,61466.00,0.01,12.14,77157.00,0.01,12.71
GGT,107274.00,0.02,17.50,104930.00,0.02,17.28,88978.00,0.02,17.57,104930.00,0.02,17.28
GTA,42490.00,0.01,6.93,42463.00,0.01,6.99,33325.00,0.01,6.58,42463.00,0.01,6.99
GTC,133437.00,0.02,21.77,131014.00,0.02,21.58,114790.00,0.02,22.67,131014.00,0.02,21.58
GTG,114235.00,0.02,18.63,112927.00,0.02,18.60,97108.00,0.02,19.18,112927.00,0.02,18.60
GTT,89946.00,0.01,14.67,89209.00,0.01,14.69,74316.00,0.01,14.68,89209.00,0.01,14.69
TAA,3916.00,0.00,0.64,3873.00,0.00,0.64,2496.00,0.00,0.49,3873.00,0.00,0.64
TAC,104725.00,0.02,17.08,102246.00,0.02,16.84,88899.00,0.02,17.56,102246.00,0.02,16.84
TAG,4444.00,0.00,0.72,4392.00,0.00,0.72,2743.00,0.00,0.54,4392.00,0.00,0.72
TAT,75100.00,0.01,12.25,74481.00,0.01,12.27,61544.00,0.01,12.16,74481.00,0.01,12.27
TCA,65095.00,0.01,10.62,65204.00,0.01,10.74,49111.00,0.01,9.70,65204.00,0.01,10.74
TCC,116511.00,0.02,19.01,114678.00,0.02,18.89,97290.00,0.02,19.22,114678.00,0.02,18.89
TCG,85723.00,0.01,13.98,84869.00,0.01,13.98,71317.00,0.01,14.09,84869.00,0.01,13.98
TCT,86042.00,0.01,14.04,85502.00,0.01,14.08,67707.00,0.01,13.37,85502.00,0.01,14.08
TGA,5689.00,0.00,0.93,5649.00,0.00,0.93,3537.00,0.00,0.70,5649.00,0.00,0.93
TGC,50889.00,0.01,8.30,50304.00,0.01,8.29,38992.00,0.01,7.70,50304.00,0.01,8.29
TGG,93788.00,0.02,15.30,92436.00,0.02,15.23,77080.00,0.02,15.22,92436.00,0.02,15.23
TGT,35261.00,0.01,5.75,35181.00,0.01,5.79,25888.00,0.01,5.11,35181.00,0.01,5.79
TTA,31278.00,0.01,5.10,31422.00,0.01,5.18,22769.00,0.00,4.50,31422.00,0.01,5.18
TTC,145663.00,0.02,23.76,143354.00,0.02,23.61,126145.00,0.02,24.92,143354.00,0.02,23.61
TTG,100325.00,0.02,16.37,99793.00,0.02,16.44,83624.00,0.02,16.52,99793.00,0.02,16.44
TTT,78285.00,0.01,12.77,77807.00,0.01,12.82,64726.00,0.01,12.78,77807.00,0.01,12.82
