codon	count	fraction	per_thousand	source	taxid	assembly	downloaded_on
AAA	86447	0.01410131079	14.10131079	Kazusa_CodonUsageDB	5061		2026-05-14T06:07:50Z
AAC	129023	0.021046345415	21.04634542	Kazusa_CodonUsageDB	5061		2026-05-14T06:07:50Z
AAG	181722	0.029642652717	29.64265272	Kazusa_CodonUsageDB	5061		2026-05-14T06:07:50Z
AAT	91080	0.014857049832	14.85704983	Kazusa_CodonUsageDB	5061		2026-05-14T06:07:50Z
ACA	76029	0.012401917453	12.40191745	Kazusa_CodonUsageDB	5061		2026-05-14T06:07:50Z
ACC	130788	0.02133425377	21.33425377	Kazusa_CodonUsageDB	5061		2026-05-14T06:07:50Z
ACG	79289	0.012933691525	12.93369153	Kazusa_CodonUsageDB	5061		2026-05-14T06:07:50Z
ACT	83396	0.013603628983	13.60362898	Kazusa_CodonUsageDB	5061		2026-05-14T06:07:50Z
AGA	48671	0.007939256394	7.93925639	Kazusa_CodonUsageDB	5061		2026-05-14T06:07:50Z
AGC	94652	0.015439717618	15.43971762	Kazusa_CodonUsageDB	5061		2026-05-14T06:07:50Z
AGG	46656	0.007610567819	7.61056782	Kazusa_CodonUsageDB	5061		2026-05-14T06:07:50Z
AGT	64937	0.010592580642	10.59258064	Kazusa_CodonUsageDB	5061		2026-05-14T06:07:50Z
ATA	42354	0.006908821789	6.90882179	Kazusa_CodonUsageDB	5061		2026-05-14T06:07:50Z
ATC	160337	0.02615431268	26.15431268	Kazusa_CodonUsageDB	5061		2026-05-14T06:07:50Z
ATG	134646	0.021963574129	21.96357413	Kazusa_CodonUsageDB	5061		2026-05-14T06:07:50Z
ATT	102080	0.016651379521	16.65137952	Kazusa_CodonUsageDB	5061		2026-05-14T06:07:50Z
CAA	96611	0.015759271424	15.75927142	Kazusa_CodonUsageDB	5061		2026-05-14T06:07:50Z
CAC	78227	0.01276045715	12.76045715	Kazusa_CodonUsageDB	5061		2026-05-14T06:07:50Z
CAG	148296	0.024190174153	24.19017415	Kazusa_CodonUsageDB	5061		2026-05-14T06:07:50Z
CAT	75191	0.012265222155	12.26522216	Kazusa_CodonUsageDB	5061		2026-05-14T06:07:50Z
CCA	80260	0.0130920819	13.0920819	Kazusa_CodonUsageDB	5061		2026-05-14T06:07:50Z
CCC	109010	0.017781807226	17.78180723	Kazusa_CodonUsageDB	5061		2026-05-14T06:07:50Z
CCG	87312	0.014242410352	14.24241035	Kazusa_CodonUsageDB	5061		2026-05-14T06:07:50Z
CCT	93422	0.015239078935	15.23907893	Kazusa_CodonUsageDB	5061		2026-05-14T06:07:50Z
CGA	57162	0.009324315794	9.32431579	Kazusa_CodonUsageDB	5061		2026-05-14T06:07:50Z
CGC	97559	0.015913910019	15.91391002	Kazusa_CodonUsageDB	5061		2026-05-14T06:07:50Z
CGG	68379	0.011154042715	11.15404271	Kazusa_CodonUsageDB	5061		2026-05-14T06:07:50Z
CGT	61861	0.010090820813	10.09082081	Kazusa_CodonUsageDB	5061		2026-05-14T06:07:50Z
CTA	54445	0.00888111636	8.88111636	Kazusa_CodonUsageDB	5061		2026-05-14T06:07:50Z
CTC	137051	0.022355879847	22.35587985	Kazusa_CodonUsageDB	5061		2026-05-14T06:07:50Z
CTG	141009	0.023001512294	23.00151229	Kazusa_CodonUsageDB	5061		2026-05-14T06:07:50Z
CTT	94490	0.015413292035	15.41329204	Kazusa_CodonUsageDB	5061		2026-05-14T06:07:50Z
GAA	151769	0.024756692972	24.75669297	Kazusa_CodonUsageDB	5061		2026-05-14T06:07:50Z
GAC	166885	0.027222428208	27.22242821	Kazusa_CodonUsageDB	5061		2026-05-14T06:07:50Z
GAG	212844	0.034719300773	34.71930077	Kazusa_CodonUsageDB	5061		2026-05-14T06:07:50Z
GAT	170550	0.027820266236	27.82026624	Kazusa_CodonUsageDB	5061		2026-05-14T06:07:50Z
GCA	106738	0.017411196585	17.41119658	Kazusa_CodonUsageDB	5061		2026-05-14T06:07:50Z
GCC	166685	0.027189804031	27.18980403	Kazusa_CodonUsageDB	5061		2026-05-14T06:07:50Z
GCG	105173	0.017155912406	17.15591241	Kazusa_CodonUsageDB	5061		2026-05-14T06:07:50Z
GCT	132918	0.021681701246	21.68170125	Kazusa_CodonUsageDB	5061		2026-05-14T06:07:50Z
GGA	98975	0.016144889186	16.14488919	Kazusa_CodonUsageDB	5061		2026-05-14T06:07:50Z
GGC	137915	0.022496816288	22.49681629	Kazusa_CodonUsageDB	5061		2026-05-14T06:07:50Z
GGG	77463	0.012635832797	12.6358328	Kazusa_CodonUsageDB	5061		2026-05-14T06:07:50Z
GGT	107274	0.017498629377	17.49862938	Kazusa_CodonUsageDB	5061		2026-05-14T06:07:50Z
GTA	42490	0.006931006229	6.93100623	Kazusa_CodonUsageDB	5061		2026-05-14T06:07:50Z
GTC	133437	0.021766360984	21.76636098	Kazusa_CodonUsageDB	5061		2026-05-14T06:07:50Z
GTG	114235	0.018634113829	18.63411383	Kazusa_CodonUsageDB	5061		2026-05-14T06:07:50Z
GTT	89946	0.014672070753	14.67207075	Kazusa_CodonUsageDB	5061		2026-05-14T06:07:50Z
TAA	3916	0.00063878137	0.63878137	Kazusa_CodonUsageDB	5061		2026-05-14T06:07:50Z
TAC	104725	0.017082834251	17.08283425	Kazusa_CodonUsageDB	5061		2026-05-14T06:07:50Z
TAG	4444	0.000724909195	0.72490919	Kazusa_CodonUsageDB	5061		2026-05-14T06:07:50Z
TAT	75100	0.012250378155	12.25037815	Kazusa_CodonUsageDB	5061		2026-05-14T06:07:50Z
TCA	65095	0.010618353742	10.61835374	Kazusa_CodonUsageDB	5061		2026-05-14T06:07:50Z
TCC	116511	0.019005376954	19.00537695	Kazusa_CodonUsageDB	5061		2026-05-14T06:07:50Z
TCG	85723	0.013983211273	13.98321127	Kazusa_CodonUsageDB	5061		2026-05-14T06:07:50Z
TCT	86042	0.014035246834	14.03524683	Kazusa_CodonUsageDB	5061		2026-05-14T06:07:50Z
TGA	5689	0.000927994691	0.92799469	Kazusa_CodonUsageDB	5061		2026-05-14T06:07:50Z
TGC	50889	0.008301058508	8.30105851	Kazusa_CodonUsageDB	5061		2026-05-14T06:07:50Z
TGG	93788	0.015298781177	15.29878118	Kazusa_CodonUsageDB	5061		2026-05-14T06:07:50Z
TGT	35261	0.005751805381	5.75180538	Kazusa_CodonUsageDB	5061		2026-05-14T06:07:50Z
TTA	31278	0.005102094913	5.10209491	Kazusa_CodonUsageDB	5061		2026-05-14T06:07:50Z
TTC	145663	0.023760676873	23.76067687	Kazusa_CodonUsageDB	5061		2026-05-14T06:07:50Z
TTG	100325	0.016365102375	16.36510238	Kazusa_CodonUsageDB	5061		2026-05-14T06:07:50Z
TTT	78285	0.012769918161	12.76991816	Kazusa_CodonUsageDB	5061		2026-05-14T06:07:50Z
